{
  "base_rate": -0.06540689019417997,
  "Algeria": {
    "attack": 0.20222673109733658,
    "defense": 0.1331403097668042
  },
  "Angola": {
    "attack": -1.0215227430417624,
    "defense": 0.5901781712464621
  },
  "Argentina": {
    "attack": 0.6844358157453906,
    "defense": 0.20778560054625522
  },
  "Australia": {
    "attack": 0.2560288762061019,
    "defense": -0.2957406636889967
  },
  "Belgium": {
    "attack": 0.38130628104724756,
    "defense": 0.5843197362929132
  },
  "Bosnia and Herzegovina": {
    "attack": 0.31120402423774063,
    "defense": -0.10966166793157515
  },
  "Brazil": {
    "attack": 0.5684835869897972,
    "defense": 0.3273043414303253
  },
  "Cameroon": {
    "attack": -0.04087801411743994,
    "defense": -0.4364819587978766
  },
  "Canada": {
    "attack": 0.0025728767567380307,
    "defense": -0.6065127041040554
  },
  "Chile": {
    "attack": 0.2994681563742381,
    "defense": 0.21289277530683715
  },
  "Colombia": {
    "attack": 0.7960460710107405,
    "defense": 0.4399265972893315
  },
  "Costa Rica": {
    "attack": 0.20848397832251953,
    "defense": -0.30845054371471425
  },
  "Croatia": {
    "attack": 0.5425767860271221,
    "defense": 0.017161181838467623
  },
  "Czech Republic": {
    "attack": 0.18555249023785328,
    "defense": -0.01737139888876661
  },
  "Denmark": {
    "attack": -0.29293046826507835,
    "defense": 0.1727968975645891
  },
  "Ecuador": {
    "attack": 0.24148480030637554,
    "defense": 0.2121754117632671
  },
  "Egypt": {
    "attack": -0.48813661394670366,
    "defense": -0.5266176415868014
  },
  "England": {
    "attack": 0.49002877481799095,
    "defense": 0.2372860273800593
  },
  "France": {
    "attack": 0.7095505962578638,
    "defense": 0.38882053539391087
  },
  "Germany": {
    "attack": 0.8863258218724048,
    "defense": 0.4550068921153169
  },
  "Ghana": {
    "attack": 0.35045464449081576,
    "defense": -0.05940763541329139
  },
  "Greece": {
    "attack": -0.31490632548661474,
    "defense": -0.01857630224641578
  },
  "Honduras": {
    "attack": -1.5386554641654444,
    "defense": -0.2624292977151259
  },
  "Iceland": {
    "attack": -0.2699936223483309,
    "defense": -0.13437089869618216
  },
  "Iran": {
    "attack": -0.12757967557295863,
    "defense": -0.27371615747324757
  },
  "Italy": {
    "attack": 0.4682089746467573,
    "defense": 0.59461115341131
  },
  "Ivory Coast": {
    "attack": 0.30141237601115817,
    "defense": -0.158314903392175
  },
  "Japan": {
    "attack": 0.217356957955626,
    "defense": -0.04353065015405282
  },
  "Mexico": {
    "attack": 0.1504219336473106,
    "defense": 0.19779268788498391
  },
  "Morocco": {
    "attack": -0.11626452289725109,
    "defense": 0.5288886910897715
  },
  "Netherlands": {
    "attack": 0.5655513587986856,
    "defense": 0.6888981793359535
  },
  "New Zealand": {
    "attack": -0.12265592354848977,
    "defense": 0.9078053008463426
  },
  "Nigeria": {
    "attack": -0.03687259044803543,
    "defense": -0.0010774173935439602
  },
  "North Korea": {
    "attack": -0.9360065642486756,
    "defense": -0.9556540508241427
  },
  "Panama": {
    "attack": -0.24169965492904924,
    "defense": -1.0826849577648854
  },
  "Paraguay": {
    "attack": -0.2559095590182423,
    "defense": 0.991012756690824
  },
  "Peru": {
    "attack": -0.29360136945229587,
    "defense": 0.6455587626453277
  },
  "Poland": {
    "attack": -0.2776541123093107,
    "defense": 0.06066829332763423
  },
  "Portugal": {
    "attack": 0.5927399276115947,
    "defense": 0.18755203839345766
  },
  "Qatar": {
    "attack": -0.8812471282475111,
    "defense": -0.49821577827498204
  },
  "Russia": {
    "attack": 0.4723973219177273,
    "defense": -0.0047816886812505335
  },
  "Saudi Arabia": {
    "attack": -0.21578086749809572,
    "defense": -0.5863998605228653
  },
  "Senegal": {
    "attack": 0.4101514329278028,
    "defense": -0.23365330578970933
  },
  "Serbia": {
    "attack": 0.034088507554699214,
    "defense": -0.18541954214312473
  },
  "Serbia and Montenegro": {
    "attack": -0.15227669002798624,
    "defense": -0.7397385402773446
  },
  "Slovakia": {
    "attack": 1.071609742465869,
    "defense": -0.39865066312913755
  },
  "Slovenia": {
    "attack": 0.16646528297949964,
    "defense": 0.2317851010913444
  },
  "South Africa": {
    "attack": 0.38775107379515256,
    "defense": -0.1555944210952979
  },
  "South Korea": {
    "attack": 0.39865469124313646,
    "defense": -0.24572299421063684
  },
  "Spain": {
    "attack": 0.6596466496944512,
    "defense": 0.23224289127065686
  },
  "Sweden": {
    "attack": 0.25860051196803696,
    "defense": 0.40179161971804833
  },
  "Switzerland": {
    "attack": 0.2003719135357128,
    "defense": 0.05301177027926238
  },
  "Togo": {
    "attack": -1.0007160920466418,
    "defense": -0.29997095885475367
  },
  "Trinidad and Tobago": {
    "attack": -4.343080075471626,
    "defense": -0.14292011925012707
  },
  "Tunisia": {
    "attack": -0.12723787790103058,
    "defense": -0.31640035228498786
  },
  "Ukraine": {
    "attack": -0.023093577564522853,
    "defense": -0.14882205241744142
  },
  "United States": {
    "attack": 0.16548796511904018,
    "defense": -0.04613787951070486
  },
  "Uruguay": {
    "attack": 0.31707585856509524,
    "defense": 0.3922753576479176
  },
  "Wales": {
    "attack": -1.0819492668667208,
    "defense": -0.5509268134301394
  }
}